image_id,n_objects,mean_area,density_class,quality_flag,llm_quality_comment,narrative
test_000,8,190.8,sparse,none,none,"The numbers indicate that an image analysis was performed on an image with ID ""test_000"". The analysis detected 8 objects, with an average area of 190.8 pixels, and a standard deviation of 110.7 pixels in object area. The foreground fraction is 2.33%, but the quality flag is ""none"", indicating that the analysis did not have any issues or warnings."
test_001,14,201.0,sparse,none,none,"The image analysis result indicates that there are 14 detected objects, with an average size of 201 pixels. The standard deviation of object area is relatively large, suggesting that the object sizes vary significantly. The foreground fraction is low, indicating that the majority of the image is background. The deterministic quality flag is ""none"", implying that the analysis was unable to determine a quality score."
test_002,26,219.4,normal,none,analysis not perfect,"The image analysis result indicates that 26 objects were detected, with a mean area of approximately 219.4 pixels. The standard deviation of object area is 129.7 pixels, suggesting a moderate amount of variation in object size. The foreground fraction is 8.70%, but without further context, it's unclear what this percentage represents. The deterministic quality flag indicates that the analysis was not perfect, but no specific issues are reported."
test_003,19,205.0,normal,none,none,"The image contains 19 detected objects, with an average size of 205 pixels. The area of these objects varies significantly, with a standard deviation of 102.9 pixels. The foreground fraction is 5.94%, indicating that the objects occupy a small portion of the image."
test_004,43,328.3,clustered,none,none,"The image analysis result indicates that there are 43 objects detected, with an average area of 328.3 pixels. The standard deviation of object area is relatively large (278.7 pixels), suggesting that the object sizes are quite variable. The foreground fraction is 21.54%, which could indicate that the objects are not covering a significant portion of the image. However, without more context or information about the image, it's difficult to draw further conclusions."
test_005,16,406.7,sparse,none,none,"The image analysis detected 16 objects, with an average area of approximately 407 pixels. The standard deviation of object area is quite large, indicating a significant variation in object size. The foreground fraction is relatively small, suggesting that the image is mostly composed of background. The deterministic quality flag is ""none"", indicating that the analysis did not detect any issues with the image."
test_006,8,199.5,sparse,none,none,"The image analysis detected 8 objects, with a mean area of 199.5 pixels and a standard deviation of 94.8 pixels. The foreground fraction is 2.44%, indicating that the foreground (i.e., the objects) occupies a relatively small portion of the image. The deterministic quality flag is set to ""none"", suggesting that the analysis did not encounter any issues or errors."
test_007,23,205.7,normal,none,none,"The image analysis result indicates that there are 23 detected objects, with an average area of 205.7 pixels. The standard deviation of object area is 161.7 pixels, suggesting a significant variation in object size. The foreground fraction is 7.22%, implying that the objects occupy a relatively small portion of the image. The deterministic quality flag is ""none"", indicating that the result may not be reliable."
test_008,23,240.0,normal,none,none,"The image analysis result indicates that there are 23 objects detected, with an average area of 240 pixels and a significant amount of variation in object sizes (standard deviation of 216.2 pixels). The foreground fraction is relatively low, suggesting that the objects occupy a small portion of the image. However, the deterministic quality flag is ""none"", indicating that the analysis result is incomplete or uncertain."
test_009,21,179.0,normal,none,none,"The image analysis result indicates that the image contains 21 objects, with an average size of 179 pixels. The standard deviation of object area is 100 pixels, suggesting a range of object sizes. The foreground fraction is 5.73%, indicating that a relatively small portion of the image is occupied by the objects of interest. The deterministic quality flag is set to ""none"", suggesting that the analysis result is incomplete or uncertain."
test_010,38,344.8,clustered,none,none,"The image analysis detected 38 objects, with an average area of 344.8 pixels. The standard deviation of object area is quite high, indicating significant variation in object sizes. The foreground fraction is 20.00%, but without more context, it's unclear what this represents. The deterministic quality flag indicates that the analysis result is uncertain or incomplete."
test_011,20,184.6,normal,none,none,"The image contains 20 detected objects, with a mean area of 184.6 pixels and a standard deviation of 149.1 pixels in area. The foreground fraction is 5.63%, indicating that a relatively small portion of the image is occupied by the detected objects. The deterministic quality flag indicates that there is no specific issue with the quality of the result."
